{
  "matrix": [
    [
      7380.270645971275,
      0.0,
      2047.4629250211772
    ],
    [
      0.0,
      7402.7359628331715,
      1477.3937200261248
    ],
    [
      0.0,
      0.0,
      1.0
    ]
  ],
  "distortion": [
    [
      -0.06895295208088496,
      -0.7317590996654546,
      0.004869728178248107,
      0.0029502895313466785,
      6.510502957452409
    ]
  ],
  "rvecs": [
    [
      0.05199862647163399,
      -0.016970267591461773,
      0.024984112114931054
    ],
    [
      0.1062502539570004,
      -0.02025198813577946,
      0.023868112672238633
    ],
    [
      -0.27529163026126385,
      0.029571530149893163,
      0.018438253197145756
    ],
    [
      0.09900383552833189,
      0.043517323173498344,
      0.02840811645879248
    ],
    [
      -0.08839607667242967,
      0.03967207722830496,
      0.02355674278574542
    ],
    [
      -0.13935230546875563,
      0.04325655322935776,
      0.02206790022278706
    ],
    [
      -0.23266582428952293,
      0.07239356632011658,
      0.012342328171574875
    ],
    [
      -0.34145854576224377,
      0.07226623057694981,
      0.008176259987321844
    ],
    [
      -0.08239108552836474,
      0.09388941506831264,
      0.023759393537438275
    ],
    [
      0.10827434480772789,
      0.3515663773334419,
      0.04684242818313093
    ],
    [
      0.008789825224584205,
      0.3482098872486314,
      0.03073444480933194
    ],
    [
      -0.09864278496106561,
      0.3425922198043202,
      0.009792741949400864
    ],
    [
      -0.044790409706863384,
      0.4513458497766879,
      0.018825386361681868
    ],
    [
      -0.1690185956186508,
      -0.033736127040023045,
      0.024283335120799776
    ],
    [
      -0.008873562124257156,
      -0.0778450433977493,
      0.023228351264822054
    ],
    [
      0.0711389734889568,
      -0.41728569925912157,
      0.009235880845710361
    ],
    [
      0.06555152757961026,
      -0.46290611900811107,
      0.008684478805534312
    ],
    [
      -0.08441284263835053,
      -0.4635577344817797,
      0.04466712811263995
    ],
    [
      0.1214633091807923,
      -0.521828997127401,
      -0.007000976653340623
    ]
  ],
  "tvecs": [
    [
      -61.28220307767462,
      -77.89687917374836,
      905.4883905390723
    ],
    [
      -74.4765320788539,
      -249.02251646084812,
      1897.439359332574
    ],
    [
      2.299324664297283,
      210.62239633869692,
      2445.7500736920742
    ],
    [
      11.0902210803141,
      -187.7091188604461,
      1399.1475431574386
    ],
    [
      43.70788723250272,
      86.19176718254313,
      2410.906113939159
    ],
    [
      59.544667393246776,
      261.64271223871054,
      2901.2070018475215
    ],
    [
      66.30183627205638,
      -104.85482176574864,
      1475.484211632165
    ],
    [
      63.853928231901,
      59.1056337338602,
      1476.270498711376
    ],
    [
      130.56394108157758,
      68.8933196849749,
      1905.4100258394326
    ],
    [
      115.98138841362871,
      -321.08300074579046,
      2515.298418247945
    ],
    [
      -232.83644623158582,
      -43.401613176251196,
      1596.190648208704
    ],
    [
      108.22604806065347,
      226.179543609093,
      2528.1932303757576
    ],
    [
      -56.35747737609561,
      49.78306161380613,
      1609.3920295782584
    ],
    [
      -125.15396437087885,
      -58.11470968860478,
      2453.3040884672046
    ],
    [
      -216.54581819690054,
      -50.936848553895565,
      2408.074330984209
    ],
    [
      36.77063225251398,
      -117.56833226839912,
      1564.7261242668787
    ],
    [
      -503.6827584157933,
      -190.71099293598627,
      2464.241699176851
    ],
    [
      -509.5956699726943,
      210.2925847554717,
      2459.2580877971304
    ],
    [
      -135.73858108674102,
      -207.51475063590013,
      1552.1574388014344
    ]
  ],
  "rmse": 0.5744789468428034,
  "rpe": 1.3511153540320158
}